user_id,created_at,email,first_name,last_name,country_at_signup,country_current,acquisition_channel,subscription_tier
usr_0001,2025-12-12,user1@gmail.com,Leo,Johnson,FR,FR,referral,free
usr_0002,2026-02-27,user2@gmail.com,Noah,Smith,CA,US,paid_search,free
usr_0003,2025-12-02,user3@gmail.com,Emma,Williams,FR,AU,paid_social,free
usr_0004,2025-09-15,user4@gmail.com,Zara,Brown,AU,US,paid_social,free
usr_0005,2025-12-16,user5@gmail.com,Zara,Brown,GB,CA,paid_search,premium
usr_0006,2025-11-11,user6@gmail.com,Olivia,Johnson,AU,GB,organic,free
usr_0007,2025-09-21,user7@gmail.com,Zara,Jones,CA,DE,paid_social,premium
usr_0008,2025-12-12,user8@gmail.com,Olivia,Jones,CA,GB,organic,free
usr_0009,2025-12-31,user9@gmail.com,Zara,Smith,AU,GB,paid_social,premium
usr_0010,2025-11-14,user10@gmail.com,Aman,Brown,FR,US,organic,free
usr_0011,2025-11-27,user11@gmail.com,Noah,Johnson,FR,DE,organic,premium
usr_0012,2025-12-26,user12@gmail.com,Zara,Williams,DE,DE,organic,free
usr_0013,2025-12-09,user13@gmail.com,Noah,Brown,CA,DE,paid_search,free
usr_0014,2025-12-13,user14@gmail.com,Noah,Johnson,US,US,organic,free
usr_0015,2026-01-30,user15@gmail.com,Liam,Johnson,DE,GB,organic,premium
usr_0016,2026-01-09,user16@gmail.com,Zara,Patel,FR,US,organic,free
usr_0017,2026-01-28,user17@gmail.com,Maya,Williams,AU,FR,paid_social,free
usr_0018,2025-10-23,user18@gmail.com,Liam,Patel,FR,FR,organic,free
usr_0019,2025-09-02,user19@gmail.com,Maya,Smith,AU,US,paid_social,free
usr_0020,2025-11-27,user20@gmail.com,Noah,Patel,DE,DE,organic,free
usr_0021,2026-02-05,user21@gmail.com,Noah,Patel,CA,GB,organic,free
usr_0022,2025-10-08,user22@gmail.com,Liam,Brown,FR,US,paid_search,premium
usr_0023,2026-01-08,user23@gmail.com,Liam,Jones,AU,US,paid_social,premium
usr_0024,2025-09-21,user24@gmail.com,Maya,Johnson,CA,US,organic,premium
usr_0025,2026-02-08,user25@gmail.com,Olivia,Williams,US,CA,paid_social,free
usr_0026,2025-10-28,user26@gmail.com,Maya,Patel,AU,FR,paid_social,premium
usr_0027,2025-09-22,user27@gmail.com,Liam,Williams,DE,DE,referral,premium
usr_0028,2025-11-28,user28@gmail.com,Emma,Jones,US,AU,paid_search,premium
usr_0029,2025-10-19,user29@gmail.com,Liam,Jones,US,DE,paid_search,free
usr_0030,2025-10-29,user30@gmail.com,Emma,Patel,GB,AU,paid_search,free
usr_0031,2026-02-17,user31@gmail.com,Aman,Smith,FR,CA,referral,premium
usr_0032,2025-09-15,user32@gmail.com,Liam,Patel,AU,US,referral,free
usr_0033,2026-02-22,user33@gmail.com,Aman,Brown,US,CA,paid_search,free
usr_0034,2025-10-21,user34@gmail.com,Olivia,Johnson,GB,CA,referral,free
usr_0035,2025-12-17,user35@gmail.com,Maya,Smith,DE,GB,referral,premium
usr_0036,2025-10-25,user36@gmail.com,Emma,Patel,CA,FR,referral,premium
usr_0037,2025-11-03,user37@gmail.com,Maya,Williams,AU,AU,paid_search,premium
usr_0038,2026-01-09,user38@gmail.com,Aman,Smith,US,US,paid_search,free
usr_0039,2025-10-21,user39@gmail.com,Emma,Smith,FR,AU,paid_search,free
usr_0040,2026-01-13,user40@gmail.com,Maya,Patel,GB,DE,referral,free
usr_0041,2025-09-21,user41@gmail.com,Liam,Smith,US,AU,paid_search,free
usr_0042,2025-11-12,user42@gmail.com,Noah,Williams,FR,DE,referral,free
usr_0043,2026-02-14,user43@gmail.com,Aman,Jones,US,FR,organic,free
usr_0044,2025-09-18,user44@gmail.com,Maya,Smith,AU,DE,referral,free
usr_0045,2026-01-10,user45@gmail.com,Aman,Jones,AU,AU,paid_social,free
usr_0046,2025-11-28,user46@gmail.com,Leo,Williams,AU,AU,paid_search,premium
usr_0047,2025-10-30,user47@gmail.com,Aman,Patel,DE,DE,paid_search,free
usr_0048,2025-09-14,user48@gmail.com,Emma,Johnson,DE,CA,paid_social,premium
usr_0049,2025-09-09,user49@gmail.com,Leo,Smith,GB,FR,referral,free
usr_0050,2025-11-29,user50@gmail.com,Zara,Johnson,AU,GB,organic,free
usr_0051,2025-10-23,user51@gmail.com,Emma,Williams,FR,US,paid_social,free
usr_0052,2026-01-08,user52@gmail.com,Noah,Smith,US,AU,paid_social,free
usr_0053,2025-11-23,user53@gmail.com,Leo,Jones,CA,US,referral,free
usr_0054,2025-12-01,user54@gmail.com,Zara,Brown,FR,GB,paid_search,premium
usr_0055,2025-12-20,user55@gmail.com,Liam,Johnson,DE,US,referral,free
usr_0056,2026-02-19,user56@gmail.com,Aman,Smith,DE,GB,paid_social,free
usr_0057,2025-09-08,user57@gmail.com,Maya,Johnson,FR,DE,paid_social,free
usr_0058,2026-02-22,user58@gmail.com,Olivia,Smith,DE,CA,paid_search,premium
usr_0059,2025-10-05,user59@gmail.com,Aman,Patel,AU,AU,paid_search,premium
usr_0060,2025-11-20,user60@gmail.com,Zara,Jones,GB,GB,paid_search,premium
usr_0061,2026-02-11,user61@gmail.com,Aman,Johnson,US,US,referral,free
usr_0062,2025-10-20,user62@gmail.com,Noah,Brown,GB,AU,paid_search,premium
usr_0063,2025-12-13,user63@gmail.com,Liam,Brown,US,CA,paid_social,premium
usr_0064,2026-01-10,user64@gmail.com,Olivia,Williams,US,DE,paid_social,free
usr_0065,2025-09-02,user65@gmail.com,Leo,Smith,GB,AU,organic,premium
usr_0066,2026-01-12,user66@gmail.com,Leo,Johnson,FR,GB,referral,free
usr_0067,2025-10-24,user67@gmail.com,Leo,Williams,US,CA,organic,premium
usr_0068,2025-12-15,user68@gmail.com,Zara,Johnson,GB,US,paid_social,premium
usr_0069,2025-09-04,user69@gmail.com,Emma,Smith,US,CA,organic,free
usr_0070,2025-10-24,user70@gmail.com,Emma,Brown,CA,CA,paid_social,free
usr_0071,2026-01-24,user71@gmail.com,Maya,Patel,FR,FR,organic,premium
usr_0072,2025-10-14,user72@gmail.com,Olivia,Brown,AU,CA,paid_search,free
usr_0073,2026-02-09,user73@gmail.com,Leo,Williams,US,CA,organic,free
usr_0074,2025-09-14,user74@gmail.com,Emma,Jones,CA,AU,paid_search,premium
usr_0075,2025-12-04,user75@gmail.com,Zara,Patel,AU,US,paid_search,free
usr_0076,2025-10-18,user76@gmail.com,Maya,Williams,AU,AU,referral,free
usr_0077,2025-09-15,user77@gmail.com,Liam,Smith,US,AU,paid_search,free
usr_0078,2025-10-10,user78@gmail.com,Maya,Patel,GB,GB,paid_search,free
usr_0079,2025-11-21,user79@gmail.com,Emma,Williams,US,AU,organic,free
usr_0080,2025-12-20,user80@gmail.com,Noah,Smith,CA,FR,paid_social,free
usr_0081,2025-10-23,user81@gmail.com,Zara,Brown,AU,FR,referral,free
usr_0082,2025-09-24,user82@gmail.com,Noah,Jones,US,GB,paid_search,free
usr_0083,2026-02-01,user83@gmail.com,Leo,Smith,GB,DE,referral,premium
usr_0084,2026-01-02,user84@gmail.com,Noah,Johnson,US,US,organic,free
usr_0085,2025-10-11,user85@gmail.com,Leo,Smith,FR,US,paid_search,free
usr_0086,2026-02-04,user86@gmail.com,Leo,Smith,GB,AU,organic,premium
usr_0087,2025-09-15,user87@gmail.com,Emma,Jones,CA,AU,referral,free
usr_0088,2025-10-15,user88@gmail.com,Noah,Johnson,AU,DE,organic,free
usr_0089,2025-11-04,user89@gmail.com,Leo,Williams,US,AU,referral,free
usr_0090,2025-11-28,user90@gmail.com,Olivia,Williams,GB,US,organic,premium
usr_0091,2025-11-10,user91@gmail.com,Liam,Smith,FR,CA,referral,free
usr_0092,2025-09-09,user92@gmail.com,Maya,Johnson,GB,FR,paid_social,free
usr_0093,2025-11-27,user93@gmail.com,Maya,Johnson,DE,CA,organic,premium
usr_0094,2026-01-07,user94@gmail.com,Emma,Jones,FR,CA,organic,free
usr_0095,2026-01-14,user95@gmail.com,Noah,Brown,CA,US,paid_social,free
usr_0096,2025-11-02,user96@gmail.com,Noah,Williams,AU,CA,paid_social,free
usr_0097,2026-01-17,user97@gmail.com,Leo,Jones,CA,DE,organic,free
usr_0098,2025-11-20,user98@gmail.com,Zara,Patel,US,GB,paid_social,premium
usr_0099,2026-01-14,user99@gmail.com,Aman,Williams,GB,AU,paid_search,free
usr_0100,2026-02-10,user100@gmail.com,Leo,Jones,DE,GB,referral,free
usr_0101,2026-02-10,user101@gmail.com,Liam,Williams,FR,FR,referral,free
usr_0102,2025-10-03,user102@gmail.com,Olivia,Brown,FR,AU,referral,premium
usr_0103,2026-01-01,user103@gmail.com,Maya,Patel,GB,CA,paid_search,free
usr_0104,2025-09-05,user104@gmail.com,Leo,Brown,DE,FR,paid_social,free
usr_0105,2025-10-11,user105@gmail.com,Aman,Patel,GB,AU,paid_social,free
usr_0106,2025-09-28,user106@gmail.com,Aman,Smith,US,DE,organic,free
usr_0107,2026-01-13,user107@gmail.com,Leo,Jones,CA,DE,paid_social,free
usr_0108,2025-11-11,user108@gmail.com,Emma,Patel,FR,DE,organic,free
usr_0109,2025-09-12,user109@gmail.com,Maya,Brown,US,DE,paid_search,free
usr_0110,2026-02-09,user110@gmail.com,Emma,Williams,CA,CA,referral,free
usr_0111,2025-10-03,user111@gmail.com,Olivia,Patel,US,GB,referral,free
usr_0112,2025-10-18,user112@gmail.com,Aman,Jones,DE,AU,referral,premium
usr_0113,2026-01-29,user113@gmail.com,Aman,Patel,FR,CA,paid_social,free
usr_0114,2025-11-01,user114@gmail.com,Liam,Johnson,GB,DE,organic,premium
usr_0115,2025-10-07,user115@gmail.com,Olivia,Williams,GB,GB,organic,free
usr_0116,2025-12-08,user116@gmail.com,Aman,Jones,CA,FR,paid_search,free
usr_0117,2026-02-19,user117@gmail.com,Olivia,Jones,AU,FR,paid_social,free
usr_0118,2025-12-13,user118@gmail.com,Maya,Smith,DE,FR,paid_search,free
usr_0119,2025-10-05,user119@gmail.com,Noah,Brown,CA,DE,organic,free
usr_0120,2025-12-10,user120@gmail.com,Aman,Smith,AU,FR,organic,premium
usr_0121,2026-02-22,user121@gmail.com,Liam,Jones,US,US,referral,free
usr_0122,2026-01-09,user122@gmail.com,Maya,Williams,DE,AU,paid_social,premium
usr_0123,2025-09-01,user123@gmail.com,Leo,Patel,US,AU,organic,free
usr_0124,2025-09-05,user124@gmail.com,Olivia,Patel,FR,DE,referral,premium
usr_0125,2026-01-20,user125@gmail.com,Leo,Williams,DE,US,paid_social,free
usr_0126,2025-12-12,user126@gmail.com,Emma,Jones,AU,CA,paid_search,premium
usr_0127,2025-09-27,user127@gmail.com,Maya,Patel,FR,CA,paid_social,free
usr_0128,2026-01-15,user128@gmail.com,Leo,Patel,GB,FR,paid_social,premium
usr_0129,2025-09-15,user129@gmail.com,Zara,Patel,AU,GB,organic,free
usr_0130,2025-11-29,user130@gmail.com,Zara,Brown,CA,CA,organic,premium
usr_0131,2025-10-12,user131@gmail.com,Aman,Brown,GB,GB,paid_social,free
usr_0132,2026-01-02,user132@gmail.com,Olivia,Johnson,GB,AU,organic,premium
usr_0133,2026-02-26,user133@gmail.com,Noah,Smith,CA,GB,organic,free
usr_0134,2025-11-02,user134@gmail.com,Maya,Williams,DE,AU,organic,premium
usr_0135,2025-12-05,user135@gmail.com,Aman,Williams,GB,US,referral,premium
usr_0136,2025-10-22,user136@gmail.com,Liam,Williams,AU,US,referral,premium
usr_0137,2025-12-05,user137@gmail.com,Emma,Johnson,FR,DE,paid_social,free
usr_0138,2026-01-10,user138@gmail.com,Olivia,Brown,GB,DE,organic,free
usr_0139,2026-01-29,user139@gmail.com,Maya,Jones,AU,FR,referral,premium
usr_0140,2026-01-21,user140@gmail.com,Zara,Jones,US,CA,paid_social,free
usr_0141,2026-02-18,user141@gmail.com,Maya,Johnson,AU,FR,organic,free
usr_0142,2025-09-29,user142@gmail.com,Noah,Jones,FR,AU,paid_search,premium
usr_0143,2025-10-06,user143@gmail.com,Zara,Williams,AU,FR,organic,premium
usr_0144,2025-09-13,user144@gmail.com,Noah,Smith,CA,GB,organic,free
usr_0145,2026-02-07,user145@gmail.com,Liam,Patel,FR,AU,referral,premium
usr_0146,2025-11-10,user146@gmail.com,Emma,Brown,DE,DE,paid_social,premium
usr_0147,2025-11-25,user147@gmail.com,Liam,Brown,US,US,paid_social,free
usr_0148,2025-09-28,user148@gmail.com,Aman,Johnson,CA,DE,referral,premium
usr_0149,2025-11-05,user149@gmail.com,Aman,Brown,DE,CA,organic,free
usr_0150,2026-02-17,user150@gmail.com,Liam,Williams,AU,AU,paid_search,free
usr_0151,2025-10-15,user151@gmail.com,Emma,Jones,FR,AU,organic,free
usr_0152,2025-11-01,user152@gmail.com,Liam,Williams,US,GB,organic,free
usr_0153,2026-01-12,user153@gmail.com,Emma,Johnson,CA,CA,paid_search,premium
usr_0154,2025-09-28,user154@gmail.com,Emma,Williams,DE,US,referral,free
usr_0155,2025-09-28,user155@gmail.com,Leo,Jones,DE,AU,paid_social,free
usr_0156,2025-12-17,user156@gmail.com,Zara,Smith,US,AU,referral,free
usr_0157,2025-10-14,user157@gmail.com,Olivia,Johnson,AU,GB,referral,free
usr_0158,2025-11-23,user158@gmail.com,Emma,Smith,US,FR,organic,free
usr_0159,2025-09-30,user159@gmail.com,Noah,Patel,DE,US,paid_social,free
usr_0160,2025-11-14,user160@gmail.com,Emma,Smith,GB,DE,paid_social,free
usr_0161,2026-01-06,user161@gmail.com,Emma,Patel,CA,CA,referral,premium
usr_0162,2025-12-01,user162@gmail.com,Emma,Patel,US,AU,paid_search,free
usr_0163,2026-01-07,user163@gmail.com,Leo,Smith,DE,AU,referral,free
usr_0164,2025-12-30,user164@gmail.com,Zara,Johnson,AU,DE,paid_search,free
usr_0165,2025-09-27,user165@gmail.com,Leo,Jones,DE,US,paid_social,premium
usr_0166,2025-12-30,user166@gmail.com,Aman,Williams,AU,FR,referral,free
usr_0167,2025-12-25,user167@gmail.com,Leo,Williams,US,AU,organic,free
usr_0168,2025-09-03,user168@gmail.com,Noah,Jones,AU,US,referral,free
usr_0169,2025-12-12,user169@gmail.com,Noah,Patel,FR,DE,paid_social,premium
usr_0170,2026-02-02,user170@gmail.com,Leo,Patel,FR,GB,organic,free
usr_0171,2026-01-15,user171@gmail.com,Zara,Johnson,FR,FR,organic,premium
usr_0172,2025-11-01,user172@gmail.com,Liam,Brown,GB,CA,paid_search,free
usr_0173,2026-02-12,user173@gmail.com,Olivia,Smith,US,AU,organic,free
usr_0174,2025-10-21,user174@gmail.com,Zara,Patel,DE,US,organic,premium
usr_0175,2026-02-19,user175@gmail.com,Leo,Williams,DE,GB,referral,free
usr_0176,2026-01-30,user176@gmail.com,Emma,Johnson,GB,CA,paid_social,premium
usr_0177,2025-10-29,user177@gmail.com,Maya,Smith,AU,US,paid_search,premium
usr_0178,2025-12-27,user178@gmail.com,Olivia,Johnson,GB,US,referral,premium
usr_0179,2026-02-07,user179@gmail.com,Olivia,Smith,AU,CA,organic,free
usr_0180,2025-12-05,user180@gmail.com,Noah,Smith,AU,GB,organic,premium
usr_0181,2026-02-27,user181@gmail.com,Olivia,Jones,CA,DE,paid_search,free
usr_0182,2025-12-22,user182@gmail.com,Leo,Patel,DE,GB,paid_social,premium
usr_0183,2025-11-01,user183@gmail.com,Emma,Johnson,FR,FR,paid_search,free
usr_0184,2025-10-22,user184@gmail.com,Emma,Johnson,AU,AU,referral,premium
usr_0185,2025-09-12,user185@gmail.com,Aman,Jones,CA,CA,paid_search,free
usr_0186,2025-10-09,user186@gmail.com,Emma,Williams,DE,DE,organic,free
usr_0187,2026-01-08,user187@gmail.com,Zara,Williams,FR,CA,referral,free
usr_0188,2026-01-09,user188@gmail.com,Emma,Patel,AU,CA,organic,premium
usr_0189,2025-12-22,user189@gmail.com,Noah,Patel,AU,GB,paid_social,free
usr_0190,2025-12-10,user190@gmail.com,Emma,Brown,GB,AU,organic,free
usr_0191,2025-12-22,user191@gmail.com,Aman,Jones,GB,FR,organic,premium
usr_0192,2025-11-20,user192@gmail.com,Maya,Williams,DE,US,paid_search,free
usr_0193,2025-12-22,user193@gmail.com,Leo,Smith,FR,US,organic,free
usr_0194,2025-09-02,user194@gmail.com,Noah,Johnson,AU,CA,referral,free
usr_0195,2026-01-08,user195@gmail.com,Zara,Patel,DE,AU,referral,free
usr_0196,2025-10-24,user196@gmail.com,Maya,Johnson,DE,DE,paid_social,free
usr_0197,2025-11-26,user197@gmail.com,Noah,Johnson,US,GB,referral,free
usr_0198,2026-01-07,user198@gmail.com,Liam,Brown,GB,AU,paid_search,free
usr_0199,2026-01-25,user199@gmail.com,Olivia,Williams,FR,AU,paid_social,free
usr_0200,2026-01-04,user200@gmail.com,Liam,Patel,AU,GB,referral,premium
usr_0201,2026-01-08,user201@gmail.com,Emma,Johnson,DE,CA,paid_search,free
usr_0202,2025-10-23,user202@gmail.com,Maya,Patel,AU,AU,referral,free
usr_0203,2026-02-19,user203@gmail.com,Emma,Smith,US,US,referral,premium
usr_0204,2026-02-07,user204@gmail.com,Olivia,Brown,FR,GB,organic,free
usr_0205,2026-02-07,user205@gmail.com,Noah,Smith,DE,DE,referral,free
usr_0206,2025-11-07,user206@gmail.com,Olivia,Patel,AU,FR,referral,premium
usr_0207,2026-01-01,user207@gmail.com,Aman,Patel,GB,CA,paid_search,premium
usr_0208,2026-01-23,user208@gmail.com,Olivia,Williams,US,GB,paid_search,premium
usr_0209,2025-10-08,user209@gmail.com,Aman,Johnson,FR,FR,organic,premium
usr_0210,2025-09-24,user210@gmail.com,Olivia,Johnson,US,FR,referral,premium
usr_0211,2025-11-08,user211@gmail.com,Leo,Smith,GB,DE,organic,free
usr_0212,2025-12-25,user212@gmail.com,Aman,Brown,FR,AU,referral,premium
usr_0213,2025-12-07,user213@gmail.com,Maya,Jones,US,DE,paid_social,free
usr_0214,2026-01-17,user214@gmail.com,Emma,Johnson,CA,AU,paid_social,premium
usr_0215,2026-01-22,user215@gmail.com,Zara,Williams,GB,AU,organic,free
usr_0216,2025-12-06,user216@gmail.com,Emma,Smith,GB,GB,organic,free
usr_0217,2026-01-02,user217@gmail.com,Liam,Smith,GB,GB,organic,free
usr_0218,2025-11-09,user218@gmail.com,Emma,Jones,CA,CA,paid_search,premium
usr_0219,2025-12-02,user219@gmail.com,Noah,Williams,CA,AU,paid_search,free
usr_0220,2025-09-03,user220@gmail.com,Leo,Brown,AU,FR,paid_search,premium
usr_0221,2026-01-26,user221@gmail.com,Olivia,Williams,DE,US,organic,premium
usr_0222,2026-02-11,user222@gmail.com,Liam,Brown,US,CA,referral,free
usr_0223,2026-01-25,user223@gmail.com,Noah,Williams,AU,GB,paid_social,premium
usr_0224,2025-11-29,user224@gmail.com,Noah,Williams,US,DE,organic,premium
usr_0225,2026-01-25,user225@gmail.com,Aman,Patel,DE,CA,paid_search,free
usr_0226,2026-01-26,user226@gmail.com,Emma,Smith,CA,CA,paid_search,free
usr_0227,2025-12-05,user227@gmail.com,Maya,Williams,DE,CA,organic,free
usr_0228,2025-10-22,user228@gmail.com,Zara,Jones,CA,CA,organic,free
usr_0229,2026-02-08,user229@gmail.com,Maya,Williams,DE,US,paid_search,free
usr_0230,2026-02-15,user230@gmail.com,Liam,Johnson,AU,DE,referral,premium
usr_0231,2026-01-06,user231@gmail.com,Leo,Smith,FR,DE,paid_search,free
usr_0232,2025-10-09,user232@gmail.com,Maya,Johnson,AU,DE,paid_search,premium
usr_0233,2025-11-21,user233@gmail.com,Olivia,Smith,US,AU,organic,free
usr_0234,2025-12-13,user234@gmail.com,Maya,Johnson,AU,FR,referral,free
usr_0235,2026-01-07,user235@gmail.com,Liam,Williams,GB,DE,paid_search,premium
usr_0236,2025-09-11,user236@gmail.com,Zara,Williams,US,CA,paid_search,premium
usr_0237,2026-02-25,user237@gmail.com,Maya,Patel,DE,CA,paid_social,free
usr_0238,2026-01-29,user238@gmail.com,Olivia,Jones,US,DE,organic,free
usr_0239,2026-02-06,user239@gmail.com,Aman,Johnson,FR,DE,paid_social,free
usr_0240,2025-10-12,user240@gmail.com,Leo,Brown,CA,CA,paid_social,free
usr_0241,2025-12-08,user241@gmail.com,Liam,Patel,DE,AU,paid_search,free
usr_0242,2025-09-07,user242@gmail.com,Aman,Johnson,US,GB,organic,free
usr_0243,2026-01-22,user243@gmail.com,Aman,Johnson,DE,GB,referral,free
usr_0244,2025-11-29,user244@gmail.com,Aman,Patel,DE,DE,paid_search,premium
usr_0245,2025-12-21,user245@gmail.com,Noah,Williams,DE,US,referral,free
usr_0246,2025-10-30,user246@gmail.com,Leo,Johnson,CA,DE,referral,free
usr_0247,2025-12-22,user247@gmail.com,Zara,Williams,AU,DE,organic,free
usr_0248,2025-09-02,user248@gmail.com,Emma,Patel,DE,GB,paid_social,premium
usr_0249,2026-01-07,user249@gmail.com,Leo,Williams,GB,CA,organic,premium
usr_0250,2025-10-18,user250@gmail.com,Noah,Smith,FR,DE,referral,free
usr_0251,2026-01-18,user251@gmail.com,Emma,Brown,CA,CA,paid_search,premium
usr_0252,2025-10-07,user252@gmail.com,Leo,Johnson,US,CA,referral,free
usr_0253,2026-02-07,user253@gmail.com,Aman,Jones,CA,US,paid_search,free
usr_0254,2025-09-09,user254@gmail.com,Liam,Brown,US,CA,paid_search,free
usr_0255,2025-12-08,user255@gmail.com,Emma,Williams,CA,GB,organic,free
usr_0256,2026-01-25,user256@gmail.com,Olivia,Johnson,US,AU,referral,premium
usr_0257,2025-10-18,user257@gmail.com,Olivia,Williams,DE,AU,paid_social,premium
usr_0258,2026-01-09,user258@gmail.com,Maya,Smith,AU,FR,referral,free
usr_0259,2026-01-26,user259@gmail.com,Emma,Patel,US,DE,referral,free
usr_0260,2026-01-30,user260@gmail.com,Liam,Johnson,US,GB,paid_social,free
usr_0261,2025-10-24,user261@gmail.com,Zara,Smith,GB,CA,organic,free
usr_0262,2025-12-29,user262@gmail.com,Noah,Smith,US,AU,referral,free
usr_0263,2026-02-08,user263@gmail.com,Aman,Johnson,GB,GB,referral,free
usr_0264,2026-01-30,user264@gmail.com,Maya,Williams,FR,AU,paid_search,free
usr_0265,2025-12-25,user265@gmail.com,Olivia,Jones,DE,CA,referral,free
usr_0266,2025-11-14,user266@gmail.com,Noah,Smith,GB,AU,paid_social,free
usr_0267,2025-12-22,user267@gmail.com,Noah,Brown,AU,DE,paid_search,free
usr_0268,2026-02-11,user268@gmail.com,Aman,Smith,DE,DE,organic,premium
usr_0269,2026-02-13,user269@gmail.com,Zara,Jones,GB,FR,paid_search,free
usr_0270,2025-12-13,user270@gmail.com,Zara,Williams,DE,FR,paid_social,premium
usr_0271,2025-11-23,user271@gmail.com,Emma,Williams,DE,AU,paid_social,free
usr_0272,2025-12-21,user272@gmail.com,Olivia,Brown,DE,GB,paid_search,premium
usr_0273,2025-12-08,user273@gmail.com,Zara,Smith,FR,DE,organic,premium
usr_0274,2026-01-31,user274@gmail.com,Liam,Williams,AU,GB,paid_search,premium
usr_0275,2025-12-02,user275@gmail.com,Zara,Jones,CA,GB,organic,free
usr_0276,2026-01-24,user276@gmail.com,Noah,Johnson,CA,AU,paid_search,premium
usr_0277,2026-01-06,user277@gmail.com,Aman,Patel,GB,GB,paid_social,free
usr_0278,2025-12-19,user278@gmail.com,Liam,Patel,DE,DE,referral,free
usr_0279,2025-11-21,user279@gmail.com,Emma,Patel,GB,CA,referral,free
usr_0280,2025-10-24,user280@gmail.com,Olivia,Smith,FR,FR,organic,free
usr_0281,2026-02-10,user281@gmail.com,Emma,Brown,FR,CA,organic,free
usr_0282,2026-02-16,user282@gmail.com,Noah,Williams,US,GB,organic,premium
usr_0283,2026-02-08,user283@gmail.com,Liam,Johnson,FR,CA,paid_social,premium
usr_0284,2025-11-07,user284@gmail.com,Liam,Jones,US,DE,paid_search,free
usr_0285,2025-10-03,user285@gmail.com,Liam,Johnson,AU,DE,paid_social,premium
usr_0286,2026-01-20,user286@gmail.com,Noah,Jones,GB,GB,referral,free
usr_0287,2025-09-21,user287@gmail.com,Noah,Smith,AU,AU,organic,premium
usr_0288,2025-10-18,user288@gmail.com,Emma,Patel,FR,CA,paid_search,free
usr_0289,2026-01-26,user289@gmail.com,Maya,Smith,AU,AU,referral,free
usr_0290,2026-01-06,user290@gmail.com,Emma,Brown,AU,AU,referral,premium
usr_0291,2026-01-14,user291@gmail.com,Olivia,Brown,AU,US,referral,premium
usr_0292,2026-01-13,user292@gmail.com,Aman,Jones,FR,GB,paid_social,premium
usr_0293,2026-01-23,user293@gmail.com,Liam,Williams,DE,FR,organic,premium
usr_0294,2026-01-06,user294@gmail.com,Maya,Williams,AU,DE,referral,premium
usr_0295,2025-10-03,user295@gmail.com,Aman,Jones,US,DE,organic,free
usr_0296,2026-02-23,user296@gmail.com,Maya,Brown,FR,GB,paid_social,premium
usr_0297,2025-12-24,user297@gmail.com,Zara,Brown,AU,FR,referral,premium
usr_0298,2025-12-28,user298@gmail.com,Zara,Brown,DE,DE,paid_social,free
usr_0299,2025-09-22,user299@gmail.com,Leo,Smith,FR,GB,paid_social,premium
usr_0300,2026-02-05,user300@gmail.com,Zara,Brown,CA,DE,organic,free
usr_0301,2025-10-08,user301@gmail.com,Emma,Johnson,DE,AU,referral,premium
usr_0302,2025-12-18,user302@gmail.com,Zara,Patel,US,CA,paid_social,premium
usr_0303,2025-10-21,user303@gmail.com,Noah,Brown,AU,CA,referral,premium
usr_0304,2025-09-08,user304@gmail.com,Liam,Jones,CA,DE,organic,premium
usr_0305,2025-09-27,user305@gmail.com,Emma,Patel,CA,US,paid_social,premium
usr_0306,2025-09-27,user306@gmail.com,Aman,Smith,FR,FR,organic,free
usr_0307,2025-09-21,user307@gmail.com,Leo,Jones,CA,FR,referral,premium
usr_0308,2025-09-30,user308@gmail.com,Leo,Patel,US,FR,referral,free
usr_0309,2025-12-06,user309@gmail.com,Leo,Jones,US,AU,organic,free
usr_0310,2025-09-28,user310@gmail.com,Aman,Smith,GB,FR,paid_search,free
usr_0311,2025-12-20,user311@gmail.com,Aman,Johnson,US,CA,paid_social,free
usr_0312,2025-10-31,user312@gmail.com,Aman,Smith,DE,AU,referral,free
usr_0313,2025-10-18,user313@gmail.com,Aman,Smith,CA,GB,referral,premium
usr_0314,2026-01-25,user314@gmail.com,Leo,Jones,US,FR,paid_social,free
usr_0315,2025-09-04,user315@gmail.com,Leo,Williams,FR,FR,organic,free
usr_0316,2025-10-05,user316@gmail.com,Maya,Brown,GB,GB,organic,free
usr_0317,2025-10-19,user317@gmail.com,Emma,Brown,CA,FR,organic,free
usr_0318,2025-09-17,user318@gmail.com,Liam,Johnson,GB,GB,paid_search,free
usr_0319,2026-02-19,user319@gmail.com,Zara,Johnson,CA,AU,paid_search,free
usr_0320,2026-02-05,user320@gmail.com,Zara,Brown,FR,CA,referral,free
usr_0321,2025-10-16,user321@gmail.com,Noah,Williams,GB,GB,organic,free
usr_0322,2025-12-26,user322@gmail.com,Leo,Brown,AU,US,paid_social,free
usr_0323,2025-09-06,user323@gmail.com,Noah,Williams,DE,GB,referral,free
usr_0324,2025-12-08,user324@gmail.com,Emma,Johnson,DE,FR,paid_social,free
usr_0325,2026-01-02,user325@gmail.com,Emma,Patel,CA,AU,referral,premium
usr_0326,2025-10-07,user326@gmail.com,Noah,Jones,AU,DE,paid_search,premium
usr_0327,2025-09-24,user327@gmail.com,Leo,Johnson,GB,AU,referral,free
usr_0328,2025-12-02,user328@gmail.com,Noah,Johnson,AU,DE,paid_search,premium
usr_0329,2025-10-16,user329@gmail.com,Zara,Smith,AU,GB,referral,free
usr_0330,2025-12-04,user330@gmail.com,Maya,Smith,GB,CA,organic,free
usr_0331,2025-12-08,user331@gmail.com,Zara,Smith,FR,US,paid_social,premium
usr_0332,2025-12-25,user332@gmail.com,Olivia,Jones,AU,AU,organic,free
usr_0333,2026-02-07,user333@gmail.com,Leo,Smith,AU,FR,referral,premium
usr_0334,2026-02-08,user334@gmail.com,Leo,Williams,FR,DE,referral,free
usr_0335,2025-11-06,user335@gmail.com,Liam,Brown,AU,FR,referral,free
usr_0336,2026-01-06,user336@gmail.com,Aman,Patel,AU,CA,paid_search,free
usr_0337,2025-09-18,user337@gmail.com,Olivia,Johnson,AU,DE,paid_social,premium
usr_0338,2025-09-25,user338@gmail.com,Emma,Williams,DE,AU,paid_social,free
usr_0339,2025-10-24,user339@gmail.com,Leo,Patel,US,GB,referral,premium
usr_0340,2025-10-28,user340@gmail.com,Noah,Williams,FR,FR,referral,free
usr_0341,2025-11-06,user341@gmail.com,Olivia,Williams,AU,CA,paid_search,free
usr_0342,2025-12-13,user342@gmail.com,Liam,Johnson,DE,AU,organic,free
usr_0343,2026-02-21,user343@gmail.com,Emma,Brown,FR,AU,organic,free
usr_0344,2025-09-24,user344@gmail.com,Aman,Smith,CA,AU,paid_social,premium
usr_0345,2025-12-23,user345@gmail.com,Aman,Jones,CA,AU,paid_search,free
usr_0346,2025-10-02,user346@gmail.com,Liam,Brown,AU,DE,referral,premium
usr_0347,2026-02-22,user347@gmail.com,Liam,Jones,DE,AU,paid_social,premium
usr_0348,2025-11-25,user348@gmail.com,Noah,Johnson,DE,FR,paid_search,free
usr_0349,2026-01-29,user349@gmail.com,Leo,Johnson,FR,CA,organic,free
usr_0350,2026-01-05,user350@gmail.com,Aman,Johnson,FR,DE,paid_search,free
usr_0351,2026-02-02,user351@gmail.com,Emma,Patel,DE,AU,organic,free
usr_0352,2026-01-08,user352@gmail.com,Olivia,Jones,FR,US,paid_search,free
usr_0353,2025-09-17,user353@gmail.com,Emma,Brown,DE,US,paid_social,free
usr_0354,2025-12-13,user354@gmail.com,Maya,Brown,US,CA,organic,free
usr_0355,2026-02-08,user355@gmail.com,Maya,Williams,DE,GB,paid_social,free
usr_0356,2026-01-15,user356@gmail.com,Liam,Williams,CA,GB,paid_social,free
usr_0357,2025-10-13,user357@gmail.com,Noah,Williams,FR,DE,organic,free
usr_0358,2026-02-23,user358@gmail.com,Maya,Johnson,DE,DE,organic,premium
usr_0359,2025-10-09,user359@gmail.com,Aman,Brown,DE,DE,referral,premium
usr_0360,2026-02-17,user360@gmail.com,Emma,Jones,FR,GB,referral,free
usr_0361,2025-09-26,user361@gmail.com,Emma,Johnson,US,US,referral,free
usr_0362,2025-12-08,user362@gmail.com,Liam,Patel,US,GB,paid_social,premium
usr_0363,2025-10-20,user363@gmail.com,Leo,Williams,FR,FR,paid_social,free
usr_0364,2026-01-31,user364@gmail.com,Leo,Johnson,GB,AU,referral,premium
usr_0365,2026-01-30,user365@gmail.com,Olivia,Johnson,FR,DE,paid_social,free
usr_0366,2025-09-13,user366@gmail.com,Liam,Patel,FR,US,paid_social,free
usr_0367,2025-10-30,user367@gmail.com,Zara,Smith,US,CA,organic,free
usr_0368,2026-01-13,user368@gmail.com,Olivia,Brown,US,CA,organic,free
usr_0369,2025-10-27,user369@gmail.com,Zara,Jones,FR,AU,paid_social,free
usr_0370,2025-10-06,user370@gmail.com,Leo,Smith,FR,US,referral,free
usr_0371,2026-02-20,user371@gmail.com,Liam,Williams,FR,GB,paid_search,premium
usr_0372,2025-09-20,user372@gmail.com,Zara,Johnson,US,GB,referral,premium
usr_0373,2025-11-04,user373@gmail.com,Liam,Patel,FR,FR,paid_search,free
usr_0374,2025-09-08,user374@gmail.com,Liam,Patel,FR,FR,referral,premium
usr_0375,2026-01-22,user375@gmail.com,Leo,Brown,AU,GB,organic,free
usr_0376,2026-01-20,user376@gmail.com,Olivia,Smith,GB,CA,paid_social,free
usr_0377,2025-12-24,user377@gmail.com,Olivia,Brown,CA,DE,paid_social,premium
usr_0378,2026-01-21,user378@gmail.com,Liam,Johnson,GB,CA,organic,free
usr_0379,2025-12-01,user379@gmail.com,Maya,Brown,AU,FR,paid_search,free
usr_0380,2025-12-07,user380@gmail.com,Noah,Jones,CA,AU,paid_search,free
usr_0381,2025-11-05,user381@gmail.com,Leo,Patel,FR,GB,paid_search,free
usr_0382,2025-10-02,user382@gmail.com,Noah,Patel,AU,FR,organic,premium
usr_0383,2025-11-25,user383@gmail.com,Noah,Williams,FR,FR,paid_search,premium
usr_0384,2025-10-21,user384@gmail.com,Olivia,Williams,US,DE,organic,premium
usr_0385,2026-01-31,user385@gmail.com,Olivia,Johnson,DE,GB,referral,premium
usr_0386,2025-11-02,user386@gmail.com,Maya,Jones,AU,DE,referral,free
usr_0387,2026-01-03,user387@gmail.com,Noah,Smith,US,GB,organic,free
usr_0388,2026-01-28,user388@gmail.com,Noah,Brown,AU,DE,paid_social,free
usr_0389,2025-10-28,user389@gmail.com,Liam,Johnson,AU,CA,referral,free
usr_0390,2025-10-28,user390@gmail.com,Olivia,Williams,US,AU,paid_search,free
usr_0391,2025-11-25,user391@gmail.com,Noah,Brown,CA,AU,organic,premium
usr_0392,2025-10-19,user392@gmail.com,Emma,Williams,GB,GB,paid_search,free
usr_0393,2026-02-27,user393@gmail.com,Maya,Brown,FR,US,paid_search,free
usr_0394,2026-02-17,user394@gmail.com,Zara,Smith,AU,FR,paid_social,free
usr_0395,2025-11-09,user395@gmail.com,Emma,Johnson,FR,FR,paid_search,free
usr_0396,2025-09-15,user396@gmail.com,Emma,Brown,DE,GB,paid_social,premium
usr_0397,2025-10-24,user397@gmail.com,Zara,Jones,US,DE,referral,free
usr_0398,2025-12-10,user398@gmail.com,Leo,Patel,FR,US,organic,free
usr_0399,2025-09-08,user399@gmail.com,Leo,Jones,US,CA,paid_search,premium
usr_0400,2025-10-23,user400@gmail.com,Maya,Jones,FR,DE,organic,free
usr_0401,2025-10-30,user401@gmail.com,Emma,Patel,GB,DE,paid_search,free
usr_0402,2025-12-17,user402@gmail.com,Noah,Jones,GB,GB,organic,premium
usr_0403,2025-09-05,user403@gmail.com,Olivia,Brown,GB,GB,paid_search,premium
usr_0404,2025-12-12,user404@gmail.com,Maya,Brown,GB,FR,paid_search,free
usr_0405,2025-09-06,user405@gmail.com,Liam,Brown,GB,GB,paid_search,premium
usr_0406,2025-12-18,user406@gmail.com,Zara,Patel,GB,GB,paid_search,premium
usr_0407,2025-12-25,user407@gmail.com,Emma,Jones,US,GB,paid_search,free
usr_0408,2025-12-03,user408@gmail.com,Maya,Patel,AU,FR,paid_search,premium
usr_0409,2025-10-17,user409@gmail.com,Aman,Brown,FR,CA,paid_search,premium
usr_0410,2025-12-08,user410@gmail.com,Aman,Jones,GB,CA,paid_search,premium
usr_0411,2025-10-25,user411@gmail.com,Leo,Jones,US,GB,paid_search,premium
usr_0412,2026-02-15,user412@gmail.com,Zara,Williams,US,FR,organic,free
usr_0413,2025-10-22,user413@gmail.com,Olivia,Williams,US,CA,paid_social,free
usr_0414,2026-01-22,user414@gmail.com,Noah,Smith,AU,DE,paid_search,free
usr_0415,2025-09-13,user415@gmail.com,Olivia,Johnson,FR,CA,paid_social,free
usr_0416,2025-12-23,user416@gmail.com,Olivia,Williams,AU,CA,paid_search,free
usr_0417,2026-01-02,user417@gmail.com,Olivia,Patel,CA,FR,paid_search,premium
usr_0418,2025-12-15,user418@gmail.com,Zara,Williams,US,DE,organic,premium
usr_0419,2026-02-05,user419@gmail.com,Olivia,Smith,CA,FR,referral,free
usr_0420,2026-01-25,user420@gmail.com,Liam,Jones,DE,GB,referral,premium
usr_0421,2026-01-23,user421@gmail.com,Zara,Smith,GB,AU,organic,premium
usr_0422,2025-12-29,user422@gmail.com,Liam,Jones,GB,CA,paid_social,free
usr_0423,2025-11-02,user423@gmail.com,Zara,Jones,AU,AU,referral,free
usr_0424,2025-09-19,user424@gmail.com,Leo,Johnson,FR,FR,organic,free
usr_0425,2025-12-01,user425@gmail.com,Maya,Williams,CA,FR,organic,premium
usr_0426,2025-10-28,user426@gmail.com,Aman,Patel,FR,FR,referral,free
usr_0427,2025-11-29,user427@gmail.com,Olivia,Patel,AU,AU,paid_social,premium
usr_0428,2025-12-26,user428@gmail.com,Leo,Brown,GB,FR,organic,free
usr_0429,2025-11-01,user429@gmail.com,Maya,Jones,FR,GB,paid_search,premium
usr_0430,2025-09-23,user430@gmail.com,Aman,Patel,FR,FR,paid_social,premium
usr_0431,2026-01-05,user431@gmail.com,Emma,Johnson,GB,US,paid_social,premium
usr_0432,2026-01-15,user432@gmail.com,Noah,Jones,CA,AU,referral,premium
usr_0433,2026-01-18,user433@gmail.com,Liam,Johnson,GB,US,referral,premium
usr_0434,2026-01-07,user434@gmail.com,Emma,Patel,FR,FR,paid_search,premium
usr_0435,2025-10-28,user435@gmail.com,Zara,Patel,CA,GB,organic,premium
usr_0436,2025-12-31,user436@gmail.com,Aman,Brown,CA,CA,referral,premium
usr_0437,2025-09-01,user437@gmail.com,Emma,Patel,GB,DE,referral,premium
usr_0438,2025-10-04,user438@gmail.com,Noah,Jones,FR,DE,paid_social,free
usr_0439,2025-12-05,user439@gmail.com,Leo,Jones,AU,FR,referral,free
usr_0440,2026-01-04,user440@gmail.com,Aman,Jones,FR,GB,referral,free
usr_0441,2025-12-27,user441@gmail.com,Emma,Brown,US,AU,referral,free
usr_0442,2025-10-18,user442@gmail.com,Liam,Brown,DE,US,referral,free
usr_0443,2025-11-28,user443@gmail.com,Liam,Patel,AU,US,paid_social,premium
usr_0444,2025-12-26,user444@gmail.com,Maya,Smith,CA,US,paid_search,premium
usr_0445,2026-01-07,user445@gmail.com,Emma,Smith,AU,AU,paid_search,premium
usr_0446,2025-09-16,user446@gmail.com,Olivia,Brown,CA,DE,organic,free
usr_0447,2025-11-08,user447@gmail.com,Emma,Patel,CA,GB,referral,free
usr_0448,2025-09-22,user448@gmail.com,Leo,Smith,AU,AU,paid_social,free
usr_0449,2025-12-02,user449@gmail.com,Aman,Patel,CA,US,organic,free
usr_0450,2025-11-15,user450@gmail.com,Aman,Patel,CA,FR,organic,free
usr_0451,2026-02-01,user451@gmail.com,Leo,Patel,US,CA,paid_search,free
usr_0452,2026-01-22,user452@gmail.com,Emma,Williams,FR,AU,paid_social,premium
usr_0453,2026-02-26,user453@gmail.com,Leo,Jones,FR,AU,paid_social,premium
usr_0454,2025-11-25,user454@gmail.com,Noah,Patel,DE,GB,paid_social,free
usr_0455,2025-09-29,user455@gmail.com,Zara,Williams,DE,GB,paid_search,free
usr_0456,2025-11-08,user456@gmail.com,Leo,Brown,US,AU,paid_search,free
usr_0457,2025-10-17,user457@gmail.com,Liam,Smith,DE,US,paid_search,free
usr_0458,2025-12-03,user458@gmail.com,Leo,Jones,AU,CA,paid_search,premium
usr_0459,2026-01-22,user459@gmail.com,Aman,Smith,GB,GB,paid_search,free
usr_0460,2026-02-23,user460@gmail.com,Liam,Jones,GB,US,referral,free
usr_0461,2025-11-24,user461@gmail.com,Aman,Smith,GB,FR,referral,free
usr_0462,2025-10-09,user462@gmail.com,Maya,Jones,US,GB,paid_social,free
usr_0463,2025-12-09,user463@gmail.com,Olivia,Smith,US,US,organic,free
usr_0464,2025-10-03,user464@gmail.com,Aman,Smith,CA,US,paid_social,premium
usr_0465,2025-12-10,user465@gmail.com,Liam,Smith,GB,CA,organic,premium
usr_0466,2025-09-23,user466@gmail.com,Maya,Smith,AU,CA,paid_search,free
usr_0467,2025-09-10,user467@gmail.com,Aman,Brown,DE,FR,organic,free
usr_0468,2025-11-08,user468@gmail.com,Noah,Patel,AU,US,paid_social,free
usr_0469,2025-12-09,user469@gmail.com,Leo,Johnson,DE,DE,paid_social,premium
usr_0470,2025-10-04,user470@gmail.com,Olivia,Williams,GB,US,organic,free
usr_0471,2026-02-27,user471@gmail.com,Aman,Johnson,GB,CA,referral,free
usr_0472,2026-01-16,user472@gmail.com,Maya,Johnson,GB,DE,paid_search,free
usr_0473,2026-01-25,user473@gmail.com,Noah,Jones,US,GB,paid_search,free
usr_0474,2025-12-05,user474@gmail.com,Emma,Patel,DE,GB,paid_social,free
usr_0475,2025-09-01,user475@gmail.com,Maya,Jones,US,AU,referral,free
usr_0476,2025-11-08,user476@gmail.com,Leo,Patel,US,CA,organic,free
usr_0477,2025-09-04,user477@gmail.com,Maya,Patel,FR,AU,paid_search,premium
usr_0478,2025-09-16,user478@gmail.com,Noah,Smith,AU,DE,referral,free
usr_0479,2025-09-24,user479@gmail.com,Maya,Brown,AU,CA,paid_search,premium
usr_0480,2025-11-19,user480@gmail.com,Noah,Smith,CA,FR,referral,free
usr_0481,2025-09-02,user481@gmail.com,Aman,Brown,US,US,referral,premium
usr_0482,2026-01-06,user482@gmail.com,Zara,Jones,DE,FR,paid_social,premium
usr_0483,2026-02-07,user483@gmail.com,Noah,Brown,FR,DE,paid_search,free
usr_0484,2025-11-23,user484@gmail.com,Noah,Jones,FR,CA,organic,premium
usr_0485,2026-01-30,user485@gmail.com,Olivia,Johnson,AU,DE,paid_social,free
usr_0486,2026-01-18,user486@gmail.com,Noah,Johnson,US,US,paid_social,premium
usr_0487,2026-02-25,user487@gmail.com,Noah,Brown,CA,GB,organic,free
usr_0488,2026-02-10,user488@gmail.com,Emma,Brown,US,GB,paid_social,free
usr_0489,2026-01-02,user489@gmail.com,Zara,Jones,GB,DE,referral,free
usr_0490,2025-10-03,user490@gmail.com,Aman,Smith,US,AU,referral,premium
usr_0491,2026-02-08,user491@gmail.com,Leo,Jones,GB,CA,paid_search,free
usr_0492,2026-02-26,user492@gmail.com,Olivia,Smith,GB,CA,paid_search,free
usr_0493,2026-02-18,user493@gmail.com,Emma,Johnson,CA,GB,organic,premium
usr_0494,2025-12-10,user494@gmail.com,Liam,Patel,DE,FR,paid_search,premium
usr_0495,2025-09-12,user495@gmail.com,Zara,Brown,AU,US,referral,free
usr_0496,2025-11-06,user496@gmail.com,Aman,Smith,US,FR,organic,free
usr_0497,2025-11-04,user497@gmail.com,Aman,Jones,GB,FR,organic,free
usr_0498,2026-02-08,user498@gmail.com,Liam,Johnson,US,DE,paid_search,free
usr_0499,2026-02-15,user499@gmail.com,Leo,Smith,DE,GB,referral,free
usr_0500,2025-11-13,user500@gmail.com,Noah,Jones,AU,GB,organic,premium
usr_0501,2025-10-13,user501@gmail.com,Emma,Brown,DE,GB,referral,free
usr_0502,2025-10-14,user502@gmail.com,Maya,Brown,AU,DE,referral,premium
usr_0503,2025-09-29,user503@gmail.com,Olivia,Williams,FR,AU,referral,free
usr_0504,2026-01-19,user504@gmail.com,Maya,Patel,AU,FR,paid_search,free
usr_0505,2025-09-12,user505@gmail.com,Liam,Williams,CA,DE,paid_social,free
usr_0506,2025-12-04,user506@gmail.com,Aman,Johnson,DE,CA,paid_social,free
usr_0507,2025-10-16,user507@gmail.com,Leo,Smith,GB,US,organic,premium
usr_0508,2026-01-08,user508@gmail.com,Aman,Johnson,FR,AU,referral,premium
usr_0509,2025-10-05,user509@gmail.com,Olivia,Jones,CA,CA,paid_search,free
usr_0510,2025-11-20,user510@gmail.com,Aman,Brown,US,FR,referral,premium
usr_0511,2025-11-29,user511@gmail.com,Aman,Williams,DE,GB,referral,premium
usr_0512,2025-09-08,user512@gmail.com,Olivia,Williams,GB,FR,paid_search,free
usr_0513,2025-12-02,user513@gmail.com,Emma,Williams,AU,DE,paid_social,premium
usr_0514,2026-02-01,user514@gmail.com,Emma,Johnson,GB,US,referral,free
usr_0515,2025-11-29,user515@gmail.com,Olivia,Brown,US,DE,referral,free
usr_0516,2026-02-09,user516@gmail.com,Leo,Smith,FR,AU,paid_social,premium
usr_0517,2025-12-24,user517@gmail.com,Liam,Jones,FR,AU,paid_search,free
usr_0518,2025-12-14,user518@gmail.com,Zara,Smith,DE,US,organic,free
usr_0519,2026-01-13,user519@gmail.com,Aman,Johnson,FR,CA,paid_social,premium
usr_0520,2025-10-28,user520@gmail.com,Leo,Jones,DE,CA,organic,free
usr_0521,2025-12-23,user521@gmail.com,Aman,Williams,DE,AU,organic,free
usr_0522,2025-11-14,user522@gmail.com,Zara,Patel,DE,AU,paid_social,premium
usr_0523,2026-02-04,user523@gmail.com,Liam,Johnson,AU,GB,referral,free
usr_0524,2025-12-29,user524@gmail.com,Emma,Johnson,CA,CA,organic,free
usr_0525,2026-02-11,user525@gmail.com,Leo,Brown,DE,US,organic,premium
usr_0526,2025-09-21,user526@gmail.com,Noah,Smith,DE,CA,paid_search,free
usr_0527,2026-02-11,user527@gmail.com,Noah,Johnson,CA,GB,referral,free
usr_0528,2026-01-16,user528@gmail.com,Zara,Johnson,GB,DE,organic,premium
usr_0529,2025-12-10,user529@gmail.com,Noah,Williams,DE,AU,paid_search,premium
usr_0530,2026-01-30,user530@gmail.com,Emma,Williams,AU,AU,referral,free
usr_0531,2026-02-24,user531@gmail.com,Zara,Jones,FR,GB,paid_social,premium
usr_0532,2025-12-08,user532@gmail.com,Emma,Patel,FR,US,paid_social,premium
usr_0533,2025-10-06,user533@gmail.com,Liam,Brown,US,AU,paid_search,free
usr_0534,2025-12-05,user534@gmail.com,Aman,Patel,US,FR,paid_social,free
usr_0535,2026-01-30,user535@gmail.com,Liam,Jones,FR,AU,organic,free
usr_0536,2026-01-29,user536@gmail.com,Liam,Williams,FR,FR,referral,premium
usr_0537,2025-10-07,user537@gmail.com,Emma,Smith,AU,GB,organic,free
usr_0538,2025-09-12,user538@gmail.com,Zara,Williams,CA,GB,organic,free
usr_0539,2025-12-22,user539@gmail.com,Zara,Brown,US,AU,paid_social,premium
usr_0540,2025-09-13,user540@gmail.com,Noah,Williams,CA,CA,organic,premium
usr_0541,2025-09-23,user541@gmail.com,Maya,Brown,AU,FR,paid_social,free
usr_0542,2025-12-08,user542@gmail.com,Aman,Brown,FR,US,referral,free
usr_0543,2025-12-14,user543@gmail.com,Emma,Brown,DE,AU,referral,free
usr_0544,2025-09-30,user544@gmail.com,Noah,Jones,CA,US,organic,free
usr_0545,2025-09-17,user545@gmail.com,Leo,Brown,FR,AU,paid_search,premium
usr_0546,2025-12-22,user546@gmail.com,Maya,Brown,FR,CA,paid_social,premium
usr_0547,2025-11-01,user547@gmail.com,Maya,Smith,GB,CA,paid_social,free
usr_0548,2025-11-23,user548@gmail.com,Emma,Patel,CA,CA,organic,free
usr_0549,2025-12-21,user549@gmail.com,Olivia,Johnson,DE,DE,paid_social,premium
usr_0550,2025-11-25,user550@gmail.com,Aman,Patel,CA,CA,paid_social,free
usr_0551,2026-01-19,user551@gmail.com,Maya,Brown,FR,GB,paid_search,free
usr_0552,2025-09-19,user552@gmail.com,Emma,Smith,DE,GB,paid_search,free
usr_0553,2026-02-24,user553@gmail.com,Emma,Williams,AU,DE,organic,free
usr_0554,2025-12-09,user554@gmail.com,Noah,Smith,GB,FR,paid_search,premium
usr_0555,2026-01-18,user555@gmail.com,Leo,Brown,FR,US,organic,free
usr_0556,2026-01-25,user556@gmail.com,Olivia,Smith,US,AU,referral,free
usr_0557,2025-11-15,user557@gmail.com,Aman,Smith,US,AU,organic,free
usr_0558,2025-09-09,user558@gmail.com,Zara,Brown,GB,DE,referral,premium
usr_0559,2025-09-28,user559@gmail.com,Liam,Jones,AU,GB,organic,free
usr_0560,2026-01-06,user560@gmail.com,Leo,Smith,FR,AU,paid_social,free
usr_0561,2025-10-22,user561@gmail.com,Leo,Johnson,CA,GB,paid_search,free
usr_0562,2025-11-22,user562@gmail.com,Noah,Johnson,GB,FR,referral,free
usr_0563,2025-12-20,user563@gmail.com,Zara,Smith,AU,US,organic,free
usr_0564,2026-01-22,user564@gmail.com,Maya,Jones,CA,FR,paid_search,free
usr_0565,2025-12-26,user565@gmail.com,Maya,Williams,US,DE,organic,free
usr_0566,2025-11-08,user566@gmail.com,Noah,Brown,US,CA,paid_search,free
usr_0567,2025-12-08,user567@gmail.com,Emma,Johnson,CA,CA,paid_search,premium
usr_0568,2026-01-18,user568@gmail.com,Maya,Williams,GB,CA,organic,free
usr_0569,2025-09-25,user569@gmail.com,Olivia,Smith,US,FR,referral,free
usr_0570,2026-02-27,user570@gmail.com,Aman,Williams,FR,AU,referral,free
usr_0571,2026-01-01,user571@gmail.com,Leo,Patel,DE,US,paid_social,premium
usr_0572,2025-10-23,user572@gmail.com,Leo,Johnson,CA,CA,paid_search,free
usr_0573,2026-01-29,user573@gmail.com,Olivia,Smith,CA,DE,paid_social,premium
usr_0574,2026-01-22,user574@gmail.com,Zara,Brown,US,DE,paid_social,premium
usr_0575,2025-10-27,user575@gmail.com,Maya,Jones,GB,CA,organic,free
usr_0576,2025-10-09,user576@gmail.com,Leo,Smith,FR,CA,organic,premium
usr_0577,2025-12-18,user577@gmail.com,Liam,Brown,GB,US,organic,free
usr_0578,2025-10-12,user578@gmail.com,Zara,Jones,AU,CA,paid_search,free
usr_0579,2026-02-14,user579@gmail.com,Aman,Jones,AU,US,organic,premium
usr_0580,2026-01-20,user580@gmail.com,Aman,Smith,DE,DE,organic,premium
usr_0581,2025-12-31,user581@gmail.com,Leo,Williams,US,CA,paid_search,free
usr_0582,2026-01-11,user582@gmail.com,Noah,Williams,US,FR,paid_search,free
usr_0583,2026-02-10,user583@gmail.com,Zara,Jones,US,FR,referral,free
usr_0584,2025-11-14,user584@gmail.com,Leo,Williams,DE,DE,organic,premium
usr_0585,2026-01-24,user585@gmail.com,Noah,Patel,AU,US,organic,free
usr_0586,2025-11-15,user586@gmail.com,Leo,Jones,GB,FR,organic,free
usr_0587,2025-09-09,user587@gmail.com,Liam,Jones,DE,US,referral,free
usr_0588,2025-11-13,user588@gmail.com,Zara,Brown,DE,FR,organic,free
usr_0589,2026-01-23,user589@gmail.com,Emma,Williams,GB,FR,referral,premium
usr_0590,2025-09-07,user590@gmail.com,Aman,Jones,US,US,paid_social,free
usr_0591,2026-02-21,user591@gmail.com,Leo,Patel,FR,AU,referral,premium
usr_0592,2026-01-19,user592@gmail.com,Liam,Brown,GB,FR,paid_social,free
usr_0593,2026-02-15,user593@gmail.com,Noah,Smith,AU,CA,organic,premium
usr_0594,2026-02-17,user594@gmail.com,Noah,Jones,CA,DE,paid_social,free
usr_0595,2026-01-15,user595@gmail.com,Aman,Patel,CA,AU,referral,free
usr_0596,2026-02-25,user596@gmail.com,Olivia,Johnson,DE,US,paid_search,free
usr_0597,2025-09-27,user597@gmail.com,Leo,Patel,CA,AU,paid_social,free
usr_0598,2025-12-31,user598@gmail.com,Zara,Patel,FR,GB,paid_social,free
usr_0599,2025-09-05,user599@gmail.com,Maya,Brown,US,GB,organic,premium
usr_0600,2025-09-29,user600@gmail.com,Noah,Smith,AU,FR,referral,premium
usr_0601,2026-02-12,user601@gmail.com,Zara,Johnson,FR,FR,paid_social,free
usr_0602,2026-02-13,user602@gmail.com,Zara,Williams,AU,CA,paid_social,free
usr_0603,2025-11-22,user603@gmail.com,Emma,Williams,AU,DE,paid_social,free
usr_0604,2026-01-14,user604@gmail.com,Zara,Patel,US,AU,paid_social,free
usr_0605,2025-12-18,user605@gmail.com,Zara,Brown,DE,GB,paid_search,premium
usr_0606,2025-11-04,user606@gmail.com,Emma,Brown,CA,FR,referral,premium
usr_0607,2025-11-25,user607@gmail.com,Noah,Williams,US,DE,organic,free
usr_0608,2026-01-23,user608@gmail.com,Zara,Johnson,FR,AU,organic,free
usr_0609,2025-11-10,user609@gmail.com,Olivia,Smith,DE,FR,paid_search,free
usr_0610,2025-10-15,user610@gmail.com,Olivia,Johnson,FR,FR,referral,premium
usr_0611,2026-01-10,user611@gmail.com,Liam,Jones,DE,GB,paid_social,free
usr_0612,2025-10-06,user612@gmail.com,Emma,Jones,FR,GB,paid_search,premium
usr_0613,2025-11-09,user613@gmail.com,Liam,Smith,US,FR,referral,premium
usr_0614,2026-02-06,user614@gmail.com,Emma,Williams,DE,US,paid_social,free
usr_0615,2025-09-19,user615@gmail.com,Leo,Smith,DE,FR,paid_search,premium
usr_0616,2025-12-17,user616@gmail.com,Leo,Brown,AU,DE,referral,free
usr_0617,2026-02-14,user617@gmail.com,Zara,Jones,AU,FR,organic,premium
usr_0618,2025-11-30,user618@gmail.com,Maya,Patel,GB,CA,organic,free
usr_0619,2025-11-29,user619@gmail.com,Leo,Patel,FR,CA,referral,free
usr_0620,2025-09-19,user620@gmail.com,Maya,Williams,AU,CA,organic,premium
usr_0621,2025-10-09,user621@gmail.com,Leo,Brown,GB,US,referral,premium
usr_0622,2026-01-04,user622@gmail.com,Aman,Johnson,AU,US,paid_social,premium
usr_0623,2026-02-20,user623@gmail.com,Leo,Brown,FR,FR,referral,free
usr_0624,2026-01-19,user624@gmail.com,Liam,Patel,DE,CA,paid_social,premium
usr_0625,2026-01-04,user625@gmail.com,Noah,Patel,CA,US,paid_search,free
usr_0626,2025-10-28,user626@gmail.com,Zara,Jones,FR,GB,referral,premium
usr_0627,2026-01-26,user627@gmail.com,Liam,Brown,US,FR,paid_search,free
usr_0628,2025-10-31,user628@gmail.com,Noah,Brown,AU,DE,organic,premium
usr_0629,2026-01-05,user629@gmail.com,Olivia,Patel,AU,AU,paid_social,premium
usr_0630,2025-12-14,user630@gmail.com,Liam,Johnson,DE,FR,referral,premium
usr_0631,2026-02-14,user631@gmail.com,Olivia,Williams,US,AU,paid_search,free
usr_0632,2025-09-01,user632@gmail.com,Maya,Williams,DE,CA,paid_social,free
usr_0633,2026-01-09,user633@gmail.com,Maya,Brown,US,AU,paid_social,premium
usr_0634,2025-12-01,user634@gmail.com,Aman,Williams,CA,CA,organic,free
usr_0635,2025-12-22,user635@gmail.com,Leo,Patel,AU,GB,organic,premium
usr_0636,2026-01-31,user636@gmail.com,Liam,Patel,AU,AU,paid_social,free
usr_0637,2025-10-26,user637@gmail.com,Olivia,Brown,CA,FR,paid_social,free
usr_0638,2026-02-08,user638@gmail.com,Noah,Brown,GB,CA,referral,premium
usr_0639,2026-02-13,user639@gmail.com,Maya,Jones,DE,FR,paid_social,free
usr_0640,2025-12-26,user640@gmail.com,Leo,Brown,CA,US,referral,free
usr_0641,2026-01-12,user641@gmail.com,Maya,Johnson,DE,CA,paid_social,free
usr_0642,2025-10-28,user642@gmail.com,Noah,Williams,FR,AU,organic,free
usr_0643,2025-10-14,user643@gmail.com,Leo,Brown,AU,CA,referral,premium
usr_0644,2026-02-20,user644@gmail.com,Leo,Smith,DE,FR,paid_search,free
usr_0645,2026-02-07,user645@gmail.com,Olivia,Jones,US,GB,organic,premium
usr_0646,2026-02-20,user646@gmail.com,Olivia,Smith,DE,CA,referral,premium
usr_0647,2025-10-31,user647@gmail.com,Liam,Patel,FR,AU,referral,free
usr_0648,2025-10-17,user648@gmail.com,Liam,Williams,AU,US,paid_search,premium
usr_0649,2026-01-27,user649@gmail.com,Emma,Brown,CA,DE,referral,free
usr_0650,2025-11-19,user650@gmail.com,Zara,Smith,FR,GB,paid_social,free
usr_0651,2025-12-27,user651@gmail.com,Emma,Williams,AU,US,paid_search,premium
usr_0652,2026-02-11,user652@gmail.com,Aman,Patel,DE,CA,organic,free
usr_0653,2026-01-25,user653@gmail.com,Maya,Johnson,GB,FR,organic,free
usr_0654,2025-09-20,user654@gmail.com,Liam,Jones,GB,FR,paid_social,free
usr_0655,2026-01-24,user655@gmail.com,Olivia,Williams,US,AU,organic,free
usr_0656,2025-10-17,user656@gmail.com,Noah,Williams,AU,FR,referral,free
usr_0657,2025-10-19,user657@gmail.com,Olivia,Johnson,GB,GB,referral,premium
usr_0658,2025-09-14,user658@gmail.com,Maya,Williams,CA,FR,paid_social,free
usr_0659,2026-01-21,user659@gmail.com,Emma,Patel,AU,AU,organic,free
usr_0660,2026-02-06,user660@gmail.com,Olivia,Patel,CA,DE,organic,free
usr_0661,2025-09-01,user661@gmail.com,Zara,Johnson,CA,CA,paid_social,free
usr_0662,2025-12-26,user662@gmail.com,Aman,Jones,GB,CA,paid_search,free
usr_0663,2025-10-24,user663@gmail.com,Maya,Brown,AU,FR,organic,free
usr_0664,2025-12-27,user664@gmail.com,Emma,Smith,DE,US,paid_search,free
usr_0665,2025-09-03,user665@gmail.com,Zara,Brown,FR,CA,organic,free
usr_0666,2026-01-22,user666@gmail.com,Noah,Williams,GB,DE,organic,free
usr_0667,2025-09-12,user667@gmail.com,Emma,Smith,GB,FR,organic,free
usr_0668,2025-11-13,user668@gmail.com,Leo,Johnson,DE,AU,organic,premium
usr_0669,2025-09-16,user669@gmail.com,Zara,Johnson,AU,DE,referral,premium
usr_0670,2025-12-11,user670@gmail.com,Zara,Jones,AU,FR,paid_search,free
usr_0671,2026-01-30,user671@gmail.com,Aman,Smith,CA,DE,paid_search,premium
usr_0672,2026-02-03,user672@gmail.com,Maya,Patel,DE,CA,organic,premium
usr_0673,2025-12-26,user673@gmail.com,Noah,Smith,DE,AU,organic,free
usr_0674,2025-09-08,user674@gmail.com,Aman,Williams,AU,FR,paid_search,free
usr_0675,2025-12-31,user675@gmail.com,Emma,Patel,CA,GB,referral,premium
usr_0676,2025-12-01,user676@gmail.com,Aman,Johnson,GB,AU,paid_social,premium
usr_0677,2026-02-11,user677@gmail.com,Zara,Smith,US,GB,paid_social,free
usr_0678,2025-11-29,user678@gmail.com,Maya,Brown,FR,DE,paid_search,premium
usr_0679,2026-01-14,user679@gmail.com,Liam,Jones,GB,US,organic,free
usr_0680,2025-10-30,user680@gmail.com,Aman,Brown,AU,AU,organic,premium
usr_0681,2026-02-25,user681@gmail.com,Leo,Jones,FR,DE,referral,premium
usr_0682,2025-09-28,user682@gmail.com,Aman,Williams,US,GB,paid_social,free
usr_0683,2025-12-10,user683@gmail.com,Emma,Brown,US,CA,referral,premium
usr_0684,2025-10-11,user684@gmail.com,Emma,Smith,CA,CA,paid_social,free
usr_0685,2026-02-02,user685@gmail.com,Noah,Smith,FR,US,paid_search,premium
usr_0686,2026-01-23,user686@gmail.com,Emma,Brown,CA,AU,paid_social,premium
usr_0687,2026-02-08,user687@gmail.com,Olivia,Smith,GB,AU,referral,free
usr_0688,2026-02-04,user688@gmail.com,Maya,Williams,DE,AU,referral,free
usr_0689,2026-01-19,user689@gmail.com,Maya,Patel,DE,DE,referral,free
usr_0690,2025-10-16,user690@gmail.com,Liam,Williams,DE,US,paid_search,premium
usr_0691,2025-10-05,user691@gmail.com,Liam,Jones,FR,AU,paid_social,free
usr_0692,2026-01-12,user692@gmail.com,Maya,Williams,DE,DE,paid_social,premium
usr_0693,2025-11-21,user693@gmail.com,Leo,Jones,GB,CA,referral,free
usr_0694,2025-12-24,user694@gmail.com,Liam,Smith,CA,GB,paid_social,free
usr_0695,2025-10-17,user695@gmail.com,Noah,Patel,FR,DE,organic,free
usr_0696,2026-01-31,user696@gmail.com,Emma,Smith,CA,CA,organic,premium
usr_0697,2025-09-10,user697@gmail.com,Maya,Johnson,FR,CA,organic,premium
usr_0698,2025-10-26,user698@gmail.com,Zara,Smith,CA,GB,paid_social,premium
usr_0699,2025-09-30,user699@gmail.com,Liam,Jones,US,CA,paid_search,premium
usr_0700,2025-12-18,user700@gmail.com,Maya,Smith,CA,US,paid_search,premium
usr_0701,2025-09-05,user701@gmail.com,Olivia,Smith,DE,GB,paid_search,free
usr_0702,2025-12-28,user702@gmail.com,Aman,Patel,US,CA,paid_search,free
usr_0703,2025-10-03,user703@gmail.com,Emma,Smith,CA,FR,organic,free
usr_0704,2025-12-27,user704@gmail.com,Maya,Patel,FR,DE,organic,premium
usr_0705,2025-11-04,user705@gmail.com,Aman,Brown,FR,CA,referral,premium
usr_0706,2026-01-24,user706@gmail.com,Liam,Johnson,FR,US,paid_social,free
usr_0707,2026-02-24,user707@gmail.com,Aman,Patel,AU,AU,paid_social,premium
usr_0708,2025-09-11,user708@gmail.com,Emma,Jones,GB,CA,paid_search,premium
usr_0709,2025-11-24,user709@gmail.com,Maya,Brown,FR,AU,organic,free
usr_0710,2025-09-26,user710@gmail.com,Olivia,Patel,US,FR,paid_search,free
usr_0711,2025-11-02,user711@gmail.com,Leo,Patel,FR,CA,referral,free
usr_0712,2025-11-25,user712@gmail.com,Liam,Johnson,AU,GB,paid_social,free
usr_0713,2025-10-29,user713@gmail.com,Maya,Jones,DE,AU,paid_social,premium
usr_0714,2025-09-27,user714@gmail.com,Emma,Williams,US,FR,paid_search,free
usr_0715,2026-02-24,user715@gmail.com,Liam,Williams,AU,GB,referral,free
usr_0716,2026-02-08,user716@gmail.com,Noah,Patel,DE,GB,paid_social,premium
usr_0717,2025-12-07,user717@gmail.com,Aman,Smith,US,GB,referral,premium
usr_0718,2025-12-14,user718@gmail.com,Leo,Jones,CA,GB,referral,premium
usr_0719,2025-12-08,user719@gmail.com,Emma,Brown,GB,CA,paid_search,free
usr_0720,2026-01-07,user720@gmail.com,Noah,Smith,GB,DE,organic,free
usr_0721,2026-01-27,user721@gmail.com,Zara,Smith,AU,CA,paid_search,premium
usr_0722,2025-10-25,user722@gmail.com,Maya,Jones,DE,CA,organic,free
usr_0723,2025-09-06,user723@gmail.com,Olivia,Patel,GB,FR,referral,free
usr_0724,2025-12-04,user724@gmail.com,Liam,Patel,DE,FR,organic,free
usr_0725,2026-01-11,user725@gmail.com,Aman,Patel,DE,DE,referral,free
usr_0726,2025-12-11,user726@gmail.com,Liam,Patel,AU,FR,paid_social,free
usr_0727,2025-09-03,user727@gmail.com,Leo,Williams,AU,US,paid_social,free
usr_0728,2025-09-23,user728@gmail.com,Maya,Patel,AU,DE,paid_social,free
usr_0729,2025-10-23,user729@gmail.com,Liam,Williams,GB,FR,paid_search,free
usr_0730,2026-02-12,user730@gmail.com,Aman,Williams,AU,DE,paid_search,free
usr_0731,2025-11-22,user731@gmail.com,Maya,Patel,GB,CA,referral,free
usr_0732,2026-01-23,user732@gmail.com,Liam,Johnson,AU,CA,paid_social,premium
usr_0733,2025-11-24,user733@gmail.com,Olivia,Brown,FR,DE,paid_search,free
usr_0734,2025-11-17,user734@gmail.com,Emma,Smith,DE,US,paid_social,free
usr_0735,2025-12-19,user735@gmail.com,Maya,Williams,AU,US,paid_search,free
usr_0736,2025-09-01,user736@gmail.com,Emma,Jones,US,DE,organic,free
usr_0737,2025-10-21,user737@gmail.com,Zara,Jones,DE,FR,organic,free
usr_0738,2026-02-20,user738@gmail.com,Maya,Brown,DE,AU,paid_social,free
usr_0739,2025-09-04,user739@gmail.com,Olivia,Jones,AU,US,referral,premium
usr_0740,2025-12-22,user740@gmail.com,Emma,Johnson,CA,GB,paid_search,free
usr_0741,2025-10-02,user741@gmail.com,Noah,Jones,AU,CA,paid_search,free
usr_0742,2025-10-04,user742@gmail.com,Aman,Smith,DE,DE,organic,premium
usr_0743,2025-12-01,user743@gmail.com,Noah,Smith,US,GB,organic,free
usr_0744,2025-12-04,user744@gmail.com,Liam,Williams,DE,DE,referral,free
usr_0745,2025-11-11,user745@gmail.com,Olivia,Patel,US,CA,referral,free
usr_0746,2025-10-09,user746@gmail.com,Noah,Johnson,GB,CA,referral,premium
usr_0747,2026-02-01,user747@gmail.com,Maya,Williams,FR,US,paid_social,free
usr_0748,2026-02-09,user748@gmail.com,Liam,Johnson,DE,US,organic,free
usr_0749,2025-12-27,user749@gmail.com,Liam,Patel,AU,GB,paid_social,free
usr_0750,2025-09-03,user750@gmail.com,Noah,Jones,GB,DE,organic,premium
usr_0751,2026-01-01,user751@gmail.com,Zara,Jones,FR,CA,organic,free
usr_0752,2025-10-20,user752@gmail.com,Noah,Patel,AU,GB,paid_search,premium
usr_0753,2025-09-12,user753@gmail.com,Zara,Williams,CA,AU,organic,free
usr_0754,2025-10-24,user754@gmail.com,Olivia,Patel,AU,GB,organic,premium
usr_0755,2026-01-11,user755@gmail.com,Aman,Brown,US,FR,paid_social,premium
usr_0756,2025-10-27,user756@gmail.com,Noah,Smith,US,GB,organic,free
usr_0757,2026-01-23,user757@gmail.com,Leo,Williams,CA,FR,paid_social,free
usr_0758,2025-12-21,user758@gmail.com,Zara,Johnson,GB,FR,referral,free
usr_0759,2025-10-17,user759@gmail.com,Noah,Brown,FR,FR,organic,free
usr_0760,2026-01-29,user760@gmail.com,Emma,Williams,AU,AU,organic,premium
usr_0761,2025-11-24,user761@gmail.com,Maya,Patel,US,GB,paid_social,free
usr_0762,2026-01-20,user762@gmail.com,Leo,Patel,GB,GB,referral,free
usr_0763,2025-11-05,user763@gmail.com,Leo,Patel,CA,AU,paid_search,free
usr_0764,2025-11-14,user764@gmail.com,Zara,Patel,DE,CA,referral,premium
usr_0765,2026-02-26,user765@gmail.com,Emma,Johnson,US,US,paid_social,free
usr_0766,2025-12-12,user766@gmail.com,Emma,Brown,CA,GB,referral,free
usr_0767,2026-02-13,user767@gmail.com,Liam,Jones,AU,US,paid_social,free
usr_0768,2025-10-08,user768@gmail.com,Zara,Smith,FR,DE,paid_social,premium
usr_0769,2025-10-20,user769@gmail.com,Aman,Johnson,US,DE,paid_search,free
usr_0770,2025-12-07,user770@gmail.com,Maya,Johnson,US,AU,organic,free
usr_0771,2025-11-21,user771@gmail.com,Olivia,Jones,AU,DE,paid_social,free
usr_0772,2025-09-30,user772@gmail.com,Leo,Jones,DE,DE,paid_social,free
usr_0773,2025-11-18,user773@gmail.com,Olivia,Smith,GB,CA,paid_search,free
usr_0774,2025-11-30,user774@gmail.com,Noah,Smith,FR,CA,paid_social,premium
usr_0775,2026-02-26,user775@gmail.com,Noah,Jones,US,CA,organic,premium
usr_0776,2025-10-22,user776@gmail.com,Olivia,Patel,FR,DE,paid_search,free
usr_0777,2026-02-13,user777@gmail.com,Noah,Johnson,US,AU,organic,premium
usr_0778,2025-11-18,user778@gmail.com,Aman,Williams,FR,FR,organic,free
usr_0779,2025-09-30,user779@gmail.com,Emma,Smith,CA,FR,paid_search,premium
usr_0780,2025-12-15,user780@gmail.com,Noah,Smith,US,US,paid_social,premium
usr_0781,2025-10-21,user781@gmail.com,Liam,Jones,FR,FR,organic,free
usr_0782,2025-11-20,user782@gmail.com,Noah,Brown,GB,FR,organic,premium
usr_0783,2026-01-11,user783@gmail.com,Maya,Williams,CA,CA,organic,free
usr_0784,2025-09-29,user784@gmail.com,Aman,Williams,CA,CA,organic,free
usr_0785,2026-01-10,user785@gmail.com,Maya,Smith,GB,DE,paid_search,free
usr_0786,2026-01-16,user786@gmail.com,Maya,Patel,FR,US,paid_search,free
usr_0787,2026-01-23,user787@gmail.com,Liam,Brown,AU,GB,referral,premium
usr_0788,2025-11-13,user788@gmail.com,Aman,Williams,GB,US,referral,premium
usr_0789,2025-09-17,user789@gmail.com,Aman,Smith,FR,US,organic,free
usr_0790,2025-11-23,user790@gmail.com,Zara,Williams,GB,AU,paid_social,premium
usr_0791,2025-11-08,user791@gmail.com,Aman,Brown,GB,DE,organic,premium
usr_0792,2025-10-04,user792@gmail.com,Aman,Brown,US,AU,paid_social,free
usr_0793,2025-09-06,user793@gmail.com,Aman,Johnson,FR,US,organic,free
usr_0794,2025-10-23,user794@gmail.com,Liam,Jones,AU,US,referral,free
usr_0795,2026-01-04,user795@gmail.com,Noah,Jones,US,US,referral,premium
usr_0796,2025-10-13,user796@gmail.com,Zara,Smith,GB,FR,paid_social,premium
usr_0797,2025-12-24,user797@gmail.com,Maya,Brown,DE,AU,organic,free
usr_0798,2025-12-20,user798@gmail.com,Aman,Johnson,GB,US,paid_social,premium
usr_0799,2026-01-29,user799@gmail.com,Leo,Johnson,GB,CA,referral,free
usr_0800,2025-11-19,user800@gmail.com,Noah,Williams,FR,DE,organic,free
